{"stat.chestOpened":4,"stat.walkOneCm":31997,"stat.leaveGame":8,"stat.drop.modcurrency.wallet":1,"stat.killEntity.Creeper":2,"stat.talkedToVillager":12,"stat.useItem.minecraft.diamond_sword":24,"stat.pickup.minecraft.string":2,"stat.pickup.minecraft.diamond_sword":2,"stat.pickup.minecraft.fishing_rod":1,"stat.jump":105,"stat.swimOneCm":800,"stat.fallOneCm":209,"stat.pickup.mca.baby_boy":1,"stat.pickup.minecraft.gunpowder":1,"stat.crouchOneCm":230,"stat.pickup.modcurrency.wallet":1,"stat.sprintOneCm":26751,"stat.useItem.minecraft.stone_slab2":7,"stat.pickup.minecraft.sand":8,"stat.killEntity.Spider":1,"stat.killEntity.Husk":1,"stat.pickup.minecraft.diamond_chestplate":1,"stat.mobKills":6,"stat.pickup.mca.engagement_ring":1,"stat.flyOneCm":46465,"stat.drop":1,"stat.playOneMinute":24504,"stat.pickup.minecraft.fish":31,"stat.sneakTime":214,"stat.damageDealt":1169,"stat.killEntity.Zombie":2,"stat.timeSinceDeath":24504,"stat.useItem.minecraft.spawn_egg":34,"stat.useItem.minecraft.fishing_rod":1,"stat.pickup.modcurrency.banknote":64}