{
  "minecraft:recipes/transportation/acacia_boat": {
    "criteria": {
      "entered_water": "2024-07-23 21:35:10 +0000"
    },
    "done": true
  },
  "minecraft:recipes/transportation/dark_oak_boat": {
    "criteria": {
      "entered_water": "2024-07-23 21:35:10 +0000"
    },
    "done": true
  },
  "minecraft:adventure/root": {
    "criteria": {
      "killed_by_something": "2024-07-23 21:34:01 +0000"
    },
    "done": true
  },
  "minecraft:recipes/transportation/birch_boat": {
    "criteria": {
      "entered_water": "2024-07-23 21:35:10 +0000"
    },
    "done": true
  },
  "minecraft:recipes/transportation/boat": {
    "criteria": {
      "entered_water": "2024-07-23 21:35:10 +0000"
    },
    "done": true
  },
  "minecraft:recipes/transportation/jungle_boat": {
    "criteria": {
      "entered_water": "2024-07-23 21:35:10 +0000"
    },
    "done": true
  },
  "cfm:root": {
    "criteria": {
      "tick": "2024-07-23 21:29:38 +0000"
    },
    "done": true
  },
  "minecraft:recipes/transportation/spruce_boat": {
    "criteria": {
      "entered_water": "2024-07-23 21:35:10 +0000"
    },
    "done": true
  },
  "cfm:install": {
    "criteria": {
      "tick": "2024-07-23 21:29:38 +0000"
    },
    "done": true
  },
  "minecraft:adventure/adventuring_time": {
    "criteria": {
      "desert_hills": "2024-07-23 21:31:11 +0000",
      "savanna": "2024-07-23 21:33:42 +0000",
      "plains": "2024-07-23 21:29:48 +0000",
      "desert": "2024-07-23 21:29:38 +0000"
    },
    "done": false
  }
}